chain,address,entity,source_url,verified_date,snapshot_date,wallet_type,verification_status,valid_from,valid_to,record_status,superseded_by
ETH,0xbe0eb53f46cd790cd13851d5eff43d12404d33e8,Binance,https://www.binance.com/en/blog/community/our-commitment-to-transparency-2895840147147652626,,2022-11-10,hot_or_cold_unspecified,official_source_only_not_checked_on_explorer,,,active,
ETH,0xf977814e90da44bfa03b6295a0616a897441acec,Binance,https://www.binance.com/en/blog/community/our-commitment-to-transparency-2895840147147652626,,2022-11-10,hot_or_cold_unspecified,official_source_only_not_checked_on_explorer,,,active,
ETH,0x5a52e96bacdabb82fd05763e25335261b270efcb,Binance,https://www.binance.com/en/blog/community/our-commitment-to-transparency-2895840147147652626,,2022-11-10,hot_or_cold_unspecified,official_source_only_not_checked_on_explorer,,,active,
ETH,0x28c6c06298d514db089934071355e5743bf21d60,Binance,https://www.binance.com/en/blog/community/our-commitment-to-transparency-2895840147147652626,,2022-11-10,label_Binance_14 (hot/cold not stated by explorer),etherscan_label_Binance_14_seen; activity_not_checked_by_me,,,active,
ETH,0x21a31ee1afc51d94c2efccaa2092ad1028285549,Binance,https://www.binance.com/en/blog/community/our-commitment-to-transparency-2895840147147652626,,2022-11-10,hot_or_cold_unspecified,official_source_only_not_checked_on_explorer,,,active,
ETH,0xdfd5293d8e347dfe59e90efd55b2956a1343963d,Binance,https://www.binance.com/en/blog/community/our-commitment-to-transparency-2895840147147652626,,2022-11-10,hot_or_cold_unspecified,official_source_only_not_checked_on_explorer,,,active,
ETH,0x56eddb7aa87536c09ccc2793473599fd21a8b17f,Binance,https://www.binance.com/en/blog/community/our-commitment-to-transparency-2895840147147652626,,2022-11-10,hot_or_cold_unspecified,official_source_only_not_checked_on_explorer,,,active,
ETH,0x9696f59e4d72e237be84ffd425dcad154bf96976,Binance,https://www.binance.com/en/blog/community/our-commitment-to-transparency-2895840147147652626,,2022-11-10,hot_or_cold_unspecified,official_source_only_not_checked_on_explorer,,,active,
ETH,0x4976a4a02f38326660d17bf34b431dc6e2eb2327,Binance,https://www.binance.com/en/blog/community/our-commitment-to-transparency-2895840147147652626,,2022-11-10,hot_or_cold_unspecified,official_source_only_not_checked_on_explorer,,,active,
TRX,TV6MuMXfmLbBqPZvBHdwFsDnQeVfnmiuSi,Binance,https://www.binance.com/en/blog/community/our-commitment-to-transparency-2895840147147652626,,2022-11-10,hot,tronscan_label_Binance-Hot_2_seen; oklink_label_Binance_DepositAndWithdraw_10; recent_activity_NOT_confirmed,,,active,
TRX,TMuA6YqfCeX8EhbfYEg5y7S4DqzSJireY9,Binance,https://www.binance.com/en/blog/community/our-commitment-to-transparency-2895840147147652626,,2022-11-10,hot_or_cold_unspecified,official_source_only_not_checked_on_explorer,,,active,
TRX,TWd4WrZ9wn84f5x1hZhL4DHvk738ns5jwb,Binance,https://www.binance.com/en/blog/community/our-commitment-to-transparency-2895840147147652626,,2022-11-10,cold,label_Binance-Cold_2_per_TRON_DAO_blog_2022; activity_not_checked,,,active,
TRX,TJDENsfBJs4RFETt1X1W8wMDc8M5XnJhCe,Binance,https://www.binance.com/en/blog/community/our-commitment-to-transparency-2895840147147652626,,2022-11-10,hot_or_cold_unspecified,official_source_only_not_checked_on_explorer,,,active,
TRX,TAzsQ9Gx8eqFNFSKbeXrbi45CuVPHzA8wr,Binance,https://www.binance.com/en/blog/community/our-commitment-to-transparency-2895840147147652626,,2022-11-10,hot_or_cold_unspecified,official_source_only_not_checked_on_explorer,,,active,
TRX,TQrY8tryqsYVCYS3MFbtffiPp2ccyn4STm,Binance,https://www.binance.com/en/blog/community/our-commitment-to-transparency-2895840147147652626,,2022-11-10,hot_or_cold_unspecified,official_source_only_not_checked_on_explorer,,,active,
TRX,TNXoiAJ3dct8Fjg4M9fkLFh9S2v9TXc32G,Binance,https://www.binance.com/en/blog/community/our-commitment-to-transparency-2895840147147652626,,2022-11-10,hot_or_cold_unspecified,official_source_only_not_checked_on_explorer,,,active,
TRX,TYASr5UV6HEcXatwdFQfmLVUqQQQMUxHLS,Binance,https://www.binance.com/en/blog/community/our-commitment-to-transparency-2895840147147652626,,2022-11-10,hot_or_cold_unspecified,official_source_only_not_checked_on_explorer,,,active,
BSC,0x3c783c21a0383057d128bae431894a5c19f9cf06,Binance,https://www.binance.com/en/blog/community/our-commitment-to-transparency-2895840147147652626,,2022-11-10,hot_or_cold_unspecified,official_source_only_not_checked_on_explorer,,,active,
BSC,0xdccf3b77da55107280bd850ea519df3705d1a75a,Binance,https://www.binance.com/en/blog/community/our-commitment-to-transparency-2895840147147652626,,2022-11-10,hot_or_cold_unspecified,official_source_only_not_checked_on_explorer,,,active,
BSC,0x8894e0a0c962cb723c1976a4421c95949be2d4e3,Binance,https://www.binance.com/en/blog/community/our-commitment-to-transparency-2895840147147652626,,2022-11-10,hot_or_cold_unspecified,official_source_only_not_checked_on_explorer,,,active,
BTC,34xp4vRoCGJym3xR7yCVPFHoCNxv4Twseo,Binance,https://www.binance.com/en/blog/community/our-commitment-to-transparency-2895840147147652626,,2022-11-10,hot_or_cold_unspecified,official_source_only_not_checked_on_explorer,,,active,
BTC,3LYJfcfHPXYJreMsASk2jkn69LWEYKzexb,Binance,https://www.binance.com/en/blog/community/our-commitment-to-transparency-2895840147147652626,,2022-11-10,hot_or_cold_unspecified,official_source_only_not_checked_on_explorer,,,active,
BTC,bc1qm34lsc65zpw79lxes69zkqmk6ee3ewf0j77s3h,Binance,https://www.binance.com/en/blog/community/our-commitment-to-transparency-2895840147147652626,,2022-11-10,hot_or_cold_unspecified,official_source_only_not_checked_on_explorer,,,active,
ETH,0x1Db92e2EeBC8E0c075a02BeA49a2935BcD2dFCF4,Bybit,https://www.bybit.com/en/help-center/article/Bybit-Wallet-Addresses-Ownership-Explained,,2022-12,hot_or_cold_unspecified,etherscan_label_Bybit_Cold_Wallet_1_seen; balance ~$115 in Aug 2026,,,inactive,
ETH,0xA7A93fd0a276fc1C0197a5B5623eD117786eeD06,Bybit,https://www.bybit.com/en/help-center/article/Bybit-Wallet-Addresses-Ownership-Explained,,2022-12,hot_or_cold_unspecified,official_source_only_not_checked_on_explorer,,,active,
ETH,0xf89d7b9c864f589bbF53a82105107622B35EaA40,Bybit,https://www.bybit.com/en/help-center/article/Bybit-Wallet-Addresses-Ownership-Explained,,2022-12,hot_or_cold_unspecified,official_source_only_not_checked_on_explorer,,,active,
ETH,0xee5B5B923fFcE93A870B3104b7CA09c3db80047A,Bybit,https://www.bybit.com/en/help-center/article/Bybit-Wallet-Addresses-Ownership-Explained,,2022-12,hot_or_cold_unspecified,official_source_only_not_checked_on_explorer,,,active,
BTC,1JMXdyMbi2R4EKn8DQNZEEDzZBWPmsaXSR,Unocoin,https://blog.unocoin.com/unocoins-proof-of-reserves-audit-june-2023/,,2023-06,cold_storage,official_source_only_not_checked_on_explorer,2023-06-23,,active,
BTC,1PSh1go1ZBvULhGV4BsekEaVAAESa2fNWp,Unocoin,https://blog.unocoin.com/unocoins-proof-of-reserves-audit-june-2023/,,2023-06,cold_storage,official_source_only_not_checked_on_explorer,,2023-06-23,active,1JMXdyMbi2R4EKn8DQNZEEDzZBWPmsaXSR
ETH,0x6CC38B3F8cbF2b78996801D1B8D5FA441c33270d,Unocoin,https://blog.unocoin.com/unocoins-proof-of-reserves-audit-june-2023/,,2023-06,cold_storage,official_source_only_not_checked_on_explorer,,,active,