name,trade_name,entity_type,registration_date,nodal_officer_email,nodal_officer_phone,source
Neblio Technologies Private Limited,Coin DCX,,,,,"Lok Sabha Unstarred Q.966, 2 Dec 2024, Annexure-A (MoF, Dept of Revenue)"
ANQ Digital Finserv Private Limited,ANQ Finance,,,,,"Lok Sabha Unstarred Q.966, 2 Dec 2024, Annexure-A (MoF, Dept of Revenue)"
Unocoin Technologies Pvt Ltd,Unocoin,,,,,"Lok Sabha Unstarred Q.966, 2 Dec 2024, Annexure-A (MoF, Dept of Revenue)"
Buyhatke Internet Private Limited,Onramp,,,,,"Lok Sabha Unstarred Q.966, 2 Dec 2024, Annexure-A (MoF, Dept of Revenue)"
Giottus Technologies Pvt Ltd,Giottus,,,,,"Lok Sabha Unstarred Q.966, 2 Dec 2024, Annexure-A (MoF, Dept of Revenue)"
Bitbns Internet Private Limited,Bitbns,,,,,"Lok Sabha Unstarred Q.966, 2 Dec 2024, Annexure-A (MoF, Dept of Revenue)"
Awlencan Innovations India Limited,Zebpay,,,,,"Lok Sabha Unstarred Q.966, 2 Dec 2024, Annexure-A (MoF, Dept of Revenue)"
Zanmai Labs Pvt Ltd,WazirX,,,,,"Lok Sabha Unstarred Q.966, 2 Dec 2024, Annexure-A (MoF, Dept of Revenue)"
Bitcipher Labs LLP,Coinswitch,,,,,"Lok Sabha Unstarred Q.966, 2 Dec 2024, Annexure-A (MoF, Dept of Revenue)"
Nextgendev Solutions Private Limited,CoinswitchX,,,,,"Lok Sabha Unstarred Q.966, 2 Dec 2024, Annexure-A (MoF, Dept of Revenue)"
RPFAS Technologies Pvt Ltd,Mudrex,,,,,"Lok Sabha Unstarred Q.966, 2 Dec 2024, Annexure-A (MoF, Dept of Revenue)"
IBLOCK Technologies Pvt Ltd,Buyucoin,,,,,"Lok Sabha Unstarred Q.966, 2 Dec 2024, Annexure-A (MoF, Dept of Revenue)"
WOLLFISH Labs Pvt Ltd,Coindhan,,,,,"Lok Sabha Unstarred Q.966, 2 Dec 2024, Annexure-A (MoF, Dept of Revenue)"
Rario Digital Private Limited,Rario,,,,,"Lok Sabha Unstarred Q.966, 2 Dec 2024, Annexure-A (MoF, Dept of Revenue)"
Angelic Infotech Pvt Ltd,Suncrypto,,,,,"Lok Sabha Unstarred Q.966, 2 Dec 2024, Annexure-A (MoF, Dept of Revenue)"
Carretx Technologies Pvt Ltd,Carret,,,,,"Lok Sabha Unstarred Q.966, 2 Dec 2024, Annexure-A (MoF, Dept of Revenue)"
Ante Multimedia Pvt Ltd,,,,,,"Lok Sabha Unstarred Q.966, 2 Dec 2024, Annexure-A (MoF, Dept of Revenue)"
ABHIBHA Technologies Pvt Ltd,Onmeta,,,,,"Lok Sabha Unstarred Q.966, 2 Dec 2024, Annexure-A (MoF, Dept of Revenue)"
Smartliving Digital Technologies Pvt Ltd,Cryptosmartlife,,,,,"Lok Sabha Unstarred Q.966, 2 Dec 2024, Annexure-A (MoF, Dept of Revenue)"
UCY Technology Pvt Ltd,Pyor,,,,,"Lok Sabha Unstarred Q.966, 2 Dec 2024, Annexure-A (MoF, Dept of Revenue)"
Digital Collectibles Pte Ltd,Rario,,,,,"Lok Sabha Unstarred Q.966, 2 Dec 2024, Annexure-A (MoF, Dept of Revenue)"
Veeratva Technologies Pvt Ltd,Vair,,,,,"Lok Sabha Unstarred Q.966, 2 Dec 2024, Annexure-A (MoF, Dept of Revenue)"
Transak Technology India Pvt Ltd,Transak,,,,,"Lok Sabha Unstarred Q.966, 2 Dec 2024, Annexure-A (MoF, Dept of Revenue)"
REMIZO Technologies India Pvt Ltd,Getbit,,,,,"Lok Sabha Unstarred Q.966, 2 Dec 2024, Annexure-A (MoF, Dept of Revenue)"
FIN GENIE Tech Pvt Ltd,Bytex,,,,,"Lok Sabha Unstarred Q.966, 2 Dec 2024, Annexure-A (MoF, Dept of Revenue)"
ARDOUR labs Pvt Ltd,,,,,,"Lok Sabha Unstarred Q.966, 2 Dec 2024, Annexure-A (MoF, Dept of Revenue)"
Inocyx Technologies Pvt Ltd,Inocyx,,,,,"Lok Sabha Unstarred Q.966, 2 Dec 2024, Annexure-A (MoF, Dept of Revenue)"
Metatoken Technologies Pvt Ltd,Fanztar,,,,,"Lok Sabha Unstarred Q.966, 2 Dec 2024, Annexure-A (MoF, Dept of Revenue)"
Excellium Technologies Pvt Ltd,Delta Exchange,,,,,"Lok Sabha Unstarred Q.966, 2 Dec 2024, Annexure-A (MoF, Dept of Revenue)"
Rovi91 Innovations Pvt Ltd,,,,,,"Lok Sabha Unstarred Q.966, 2 Dec 2024, Annexure-A (MoF, Dept of Revenue)"
Longreen India Pvt Ltd,Bitbse.com,,,,,"Lok Sabha Unstarred Q.966, 2 Dec 2024, Annexure-A (MoF, Dept of Revenue)"
Flitpay Pvt Ltd,Flitpay,,,,,"Lok Sabha Unstarred Q.966, 2 Dec 2024, Annexure-A (MoF, Dept of Revenue)"
Fincrypt LLP,Stable Pay,,,,,"Lok Sabha Unstarred Q.966, 2 Dec 2024, Annexure-A (MoF, Dept of Revenue)"
Arthbit Pvt Ltd,ArthBit,,,,,"Lok Sabha Unstarred Q.966, 2 Dec 2024, Annexure-A (MoF, Dept of Revenue)"
Pagarpay India Pvt Ltd,Density Exchange,,,,,"Lok Sabha Unstarred Q.966, 2 Dec 2024, Annexure-A (MoF, Dept of Revenue)"
Lightningnodes Technologies Pvt Ltd,pi42,,,,,"Lok Sabha Unstarred Q.966, 2 Dec 2024, Annexure-A (MoF, Dept of Revenue)"
Kooz Advisors and Technologies Pvt Ltd,KoinBX,,,,,"Lok Sabha Unstarred Q.966, 2 Dec 2024, Annexure-A (MoF, Dept of Revenue)"
Mindless Pandora Tech Solutions Pvt Ltd,,,,,,"Lok Sabha Unstarred Q.966, 2 Dec 2024, Annexure-A (MoF, Dept of Revenue)"
FanzCraze Technologies Inc,,,,,,"Lok Sabha Unstarred Q.966, 2 Dec 2024, Annexure-A (MoF, Dept of Revenue)"
SUBHX Infotech (OPC) Pvt Ltd,BIT24HR,,,,,"Lok Sabha Unstarred Q.966, 2 Dec 2024, Annexure-A (MoF, Dept of Revenue)"
Peken Global Ltd,KuCoin,,,,,"Lok Sabha Unstarred Q.966, 2 Dec 2024, Annexure-A (MoF, Dept of Revenue)"
ALSD Technologies Pvt Ltd,Alpyne,,,,,"Lok Sabha Unstarred Q.966, 2 Dec 2024, Annexure-A (MoF, Dept of Revenue)"
Damsol Pvt Ltd,Square,,,,,"Lok Sabha Unstarred Q.966, 2 Dec 2024, Annexure-A (MoF, Dept of Revenue)"
First Answer India Technologies Pvt Ltd,Liminal,,,,,"Lok Sabha Unstarred Q.966, 2 Dec 2024, Annexure-A (MoF, Dept of Revenue)"
Eclipton Technologies Pvt Ltd,Eclipton,,,,,"Lok Sabha Unstarred Q.966, 2 Dec 2024, Annexure-A (MoF, Dept of Revenue)"
Blockoville OU,Blockoville,,,,,"Lok Sabha Unstarred Q.966, 2 Dec 2024, Annexure-A (MoF, Dept of Revenue)"
Binance International Limited,Binance,,,,,"Lok Sabha Unstarred Q.966, 2 Dec 2024, Annexure-A (MoF, Dept of Revenue)"
