fixed_ref,name,currency,address
4632,CENTRAL BANK OF THE ISLAMIC REPUBLIC OF IRAN,TRX,TNiq9AXBp9EjUqhDhrwrfvAA8U3GUQZH81
4632,CENTRAL BANK OF THE ISLAMIC REPUBLIC OF IRAN,TRX,TTiDLWE6fZK8okMJv6ijg42yrH6W2pjSr9
4632,CENTRAL BANK OF THE ISLAMIC REPUBLIC OF IRAN,TRX,TAhwhFv3JpK39Nc2m8W5LPCcoTisutiRfp
4632,CENTRAL BANK OF THE ISLAMIC REPUBLIC OF IRAN,TRX,TJdgB1k6ot3f2nLuZug6D8eD3HavTmzmSK
4632,CENTRAL BANK OF THE ISLAMIC REPUBLIC OF IRAN,TRX,TXGHxdYbGy574z5hBu4LNzq9NzjZQ9bhUf
4632,CENTRAL BANK OF THE ISLAMIC REPUBLIC OF IRAN,TRX,TFQbqaNbmq2xsVor2NbufLkYZvxFC9wC7k
18647,ISIL Khorasan,TRX,TUoixKFaWVsHxGWgnYyMzpkrT22YqU7VvH
18647,ISIL Khorasan,TRX,TBtRqkiFzyuwe8nSAGQghxygAfwAF5eERq
18647,ISIL Khorasan,TRX,TTs7KRq39547ruAsxb9brAPuTLy7h3U6H1
18647,ISIL Khorasan,TRX,TVttWTHTCU9kULP51m9BaHpmCW8H1BJJNQ
18647,ISIL Khorasan,TRX,TCqKhk7MpPnGH3UfygE1TRzUo92a5tuVy6
18647,ISIL Khorasan,TRX,TSbGiFzG9xFXUYgGA6RwbS3jvKNpeA4c3R
18647,ISIL Khorasan,TRX,TVXHp8bMrpRd5HGy3w1yu9f87qwRrMHFp8
18647,ISIL Khorasan,TRX,TQ8a74SiDig3EDSC14tosLACWLbvaNYwCJ
18647,ISIL Khorasan,TRX,TWdqVcA3NyrNv71NgbMwKv3C5XMxj4XjSp
18647,ISIL Khorasan,TRX,TX1zyMrYZNbtQx7yPZp4adZV5NbToGNrkS
18647,ISIL Khorasan,TRX,TSSQDgExKUELagzAKTAcoLMviq4SZ1eTFm
18647,ISIL Khorasan,TRX,TUfq9hfP7qUDMoJbzkjG4GPtNxhZewqk8Z
18647,ISIL Khorasan,TRX,TCEe3McjK9FWby8YsNmtRDwJt1x2s5dFTL
18647,ISIL Khorasan,TRX,TBJqexr1FfGxVKhDsKeou6FVLBW1aS1Ny7
18647,ISIL Khorasan,TRX,TV6cvFEMcfxGsWqgxpBrXZ35MkhdtdhT3G
18647,ISIL Khorasan,TRX,THfLaNMBAMz7xXnHoz5BkRMmrwuHKqfAfR
18647,ISIL Khorasan,TRX,TCudJgJ14kk3Ss2PEgsT15frztKpyG7HEh
18647,ISIL Khorasan,TRX,TCk1g37N3x6PDda63waydNQwqTUzFNpsrR
18647,ISIL Khorasan,XMR,44dZUJ7w1T3fKAvFW8XyXUVoAGSbFvXef2wcbnsjNKGWYorpLJBjth5VKSFhLGkpYKJb2J341tdZHBnbpv72WL7e8zuxfR2
18647,ISIL Khorasan,TRX,TU8hJXgHdxWuj4DaaBKQFUwDeB8B5Xacke
18647,ISIL Khorasan,TRX,TL5WqcFX7XkhVLLwaXrdr57gnjC4stBeSG
18647,ISIL Khorasan,TRX,TSFCGGbR57b56c4MXdiW5gzpD8j6cmimgo
18647,ISIL Khorasan,TRX,TXHb3BkGgYmygyS14MJKX8kTcFGT7dXN4r
18647,ISIL Khorasan,TRX,TN56YaCBymut2xoiRvy3v2qZ2pYgmBAtSo
18647,ISIL Khorasan,TRX,TPnUDsrLYZg1UXGkpXSmhFEY5J5etfzE9S
18647,ISIL Khorasan,TRX,TVXP7Aj5KFUPKMQUrsU6F3wUsyiLiUaUje
18647,ISIL Khorasan,TRX,TDxXXmCELgrb5VwYobDMyTKVTTdY9LjEjx
18647,ISIL Khorasan,TRX,TXoVNrqm11FFVKcF1vEND64gibVkr1HwAR
18647,ISIL Khorasan,TRX,TEKeY9i4CcVySJMmhuh2AxZhtgTmugYUMW
18647,ISIL Khorasan,TRX,TW9mABkenngQyJBqce5khR9fNCBF5gsBFQ
18647,ISIL Khorasan,TRX,TWumrtaEaPCv8Bs9mXqKkhY5sZVd78QAdS
18647,ISIL Khorasan,TRX,TD7TXyvmjPfJkfhJuQ58NXA9dX9q81mqAp
18647,ISIL Khorasan,TRX,TEtLieZwyjJTth7S5EJqUNjtSbM1ui9toK
18647,ISIL Khorasan,TRX,TS729BUXeZWBhJGPKCdK75q7VU4nhkJkYT
18647,ISIL Khorasan,TRX,TER8k4zWt3byuHyvyBkLstz3QVUUuBs9pt
18647,ISIL Khorasan,TRX,TByksCkUtMaYwHCSaetmAGufpeyfdXBrJk
18647,ISIL Khorasan,TRX,TNmKrdYLPtFwPNWJUjrXdkQw4gSwpszUJd
18647,ISIL Khorasan,TRX,TTuDmNhu8A6koPJRUd8Q5RnsT1FMfrZnoj
18647,ISIL Khorasan,TRX,TGLrjZc9c48iMFB4ZmDnSjSRMq27MXPg2k
18647,ISIL Khorasan,TRX,TVgJTK9qPg7wGTyeTG2MYF8aKMEx883xYU
18647,ISIL Khorasan,TRX,TPkNp2Z5KiA1sLWpPMWsfNErVo2dHxc4iy
18647,ISIL Khorasan,TRX,TDSGtCciE9yFKYzDj1kBBc3F7gosguDqwC
18647,ISIL Khorasan,TRX,TNVbVXAgUT83Sv7E9oZwWutXqzs13sr6xN
18647,ISIL Khorasan,TRX,TAwNQN5tmzJJ694PPuoFUxQY13quBs8YgA
18647,ISIL Khorasan,TRX,TGNwKzHjYvYP2SwsrmCYrRRvCRdxQgLq1w
18647,ISIL Khorasan,TRX,TA3rH2A7iHnm6pKH8gr9cK1EZnShnmZdFg
18647,ISIL Khorasan,TRX,TLj5ZRvem4DAdbZLTGU3qAbAdLQug57JVo
18647,ISIL Khorasan,TRX,TMRxAJt87MVYnadWne53AxZFG1FPKGfoGz
18647,ISIL Khorasan,TRX,TRmrnQiUY1ofMcTQUXvgeauKcZPnmwUeUR
18647,ISIL Khorasan,TRX,TBKq3SzXigsGhQNzdCYocpt8RzoMh3uxAr
18647,ISIL Khorasan,TRX,TYAiWf2KhXrGuWxmCPaJgC6zNYwFuKtioi
18647,ISIL Khorasan,TRX,TYVveapkRkm5RHcDNPU9QnPk8N5RdsS4iY
18647,ISIL Khorasan,TRX,TK7HUNru8YLMz7vv8kzWRPrE2ZSgZeCaHV
18647,ISIL Khorasan,TRX,TAyyw6ZoTZexvTcN7WRR9t79JUFgSAvkL8
18647,ISIL Khorasan,TRX,TJGVHmHVNuU1vsXGGALLoirPwoRZoMUuhg
18647,ISIL Khorasan,TRX,TB1Bcv3x8mg7PVV4nVM48pgHJKcYboTypU
18647,ISIL Khorasan,TRX,TWxoDF6qvjMUeTYRimaiARGsJTUnjrzZn3
18647,ISIL Khorasan,TRX,TCXihiScsAodR942Xq45df9qQAdr5nhkjQ
18647,ISIL Khorasan,TRX,TDhtVUnmYwWfzWVrnzryr3fbQo8VTvj4ji
18647,ISIL Khorasan,TRX,TE6VgR7rAuY4kuzCjdSVCZFXPjjzSQYY7X
18647,ISIL Khorasan,TRX,TV62LkiP1GiNdFCJEdY3xf6GdNLCCi6mfu
18647,ISIL Khorasan,TRX,TWBqpQLDPCrXgRW1X9yFqR8NFfjyFSq5k4
18647,ISIL Khorasan,TRX,TQetJ6xMqvv2Fu4ftD9UdBhuaKem5HbMou
18647,ISIL Khorasan,TRX,TWAfC6htS1FyFv1r3aKENuD8DQGMzBbP8L
18647,ISIL Khorasan,TRX,TMfDhpUqW5W6HcMPXFaJfaiY271CYa51Hs
18647,ISIL Khorasan,TRX,TB5J8W166YTUmtpUsy4XnNTKLVtesuE9eV
18647,ISIL Khorasan,TRX,TSE5NWTJckiN8hJCUzwB3RgsMbdF4uCrmr
18647,ISIL Khorasan,TRX,TDi9s3GeAtFBbUvGxqXiZnxiaH9QpqjYFn
18647,ISIL Khorasan,XMR,45ezvPejNsKYntjhyyeb7fbfzi1sxYQozc5Ffseh8jPGW4JZQQVXykNTfK5uGFiij7Hp3qPv3T5HCR7F3Fnmz2mzE1aKQwo
18647,ISIL Khorasan,XMR,47FVhkRkWgnLs81UBqgY8ui6axAB1627HJjkY2qPnWxMbGfx7387kcY6RzScHgGMQAaH6CBxKXAS4862tS2fhs9BRdmuyav
18647,ISIL Khorasan,TRX,TCUTmWspsaJb3U5JUs5AhVcGwaftyK1qtp
18647,ISIL Khorasan,TRX,TYvR9x3Dqx39s9rooaSAHwVwF8psBrcFBV
18647,ISIL Khorasan,TRX,TUyo1Kfnnjr2iMQdZxLWPX1U8Xiy1Wz5z5
18647,ISIL Khorasan,TRX,TBhR5MLrTsNZ8FUyKgzdrCjWkYD2orYLdx
18647,ISIL Khorasan,TRX,THstQuwNidzC4YeJ7uPowf55ZdVZtGcHJ5
18647,ISIL Khorasan,TRX,TKX6rgpGpGrJWzf1qXUUSNL5cYHQt7Z9rY
18647,ISIL Khorasan,TRX,TWoRwYzsifrD79DHDpTHC8fq787MvH9Qro
18647,ISIL Khorasan,TRX,TDHJNJHosn6xNDxMecFZwXyTzE9bYGXp9L
18647,ISIL Khorasan,TRX,TQVZEuLHacexyJX3nZStaPzxceS63C9bax
18647,ISIL Khorasan,TRX,TQb6Pc4PmfUdUokLq5ygNioj4PnodNak9b
18647,ISIL Khorasan,TRX,TR3yiEuFrbBnP8X5DKYFjRxCwbxcYyftD4
18647,ISIL Khorasan,TRX,TEBHpD6iiAqhyS4w7zZFmD1rrv65a5HVTD
18647,ISIL Khorasan,TRX,TMocScwSbSn2cqRCHVkzZSEar3Jk5AsXgo
18647,ISIL Khorasan,TRX,TNKyDgjn2WHZwHhH2Mj5AGMnK4moBX9xQd
18647,ISIL Khorasan,TRX,TPcwqbJ3ViWMUQMiKfMjDM7VTiCzdRu1cH
18647,ISIL Khorasan,TRX,TVJ4B5R8c8dS65NtUXpZPMGUpCRq8BQUrC
18647,ISIL Khorasan,TRX,TAgZxxuvfuKYJY5UPC1DXF8NPHbKtTzEGu
18647,ISIL Khorasan,TRX,TCyAE8Lxa1rmTThhE5Z3X95PC9rgMrReMX
18647,ISIL Khorasan,TRX,TSi1d66cgg3cPm9L6c2ZD8K1381XusSjkc
18647,ISIL Khorasan,TRX,TR83KsDjUKeds62PcAgo7BfhPJPSpMk7Ba
18647,ISIL Khorasan,TRX,TDX3dFNPvJeA9eVLLNqf1ixr4U2ktcDmoD
18647,ISIL Khorasan,TRX,TJCUwt9EKeTyzDw42658h8aYxQXScLdCZR
18647,ISIL Khorasan,TRX,TETfViHWf9ZNB6WJgZBRMB48pTaBFo5Rmd
18647,ISIL Khorasan,TRX,TBhTMBAaEWiTtMgMdJ97ZmYotgHeY543cc
18647,ISIL Khorasan,TRX,TFebC149jCDiow1MBphhfpHDLeMAKRNrqJ
18647,ISIL Khorasan,TRX,TXw4d7BseHBn6sneMUzm4nEdfPVjuJGEH9
18647,ISIL Khorasan,TRX,TQt3dWHiPdaKioG7nwovoTDUtxfimyuxYa
18647,ISIL Khorasan,TRX,TE5R3hJ6REap6vh14YAqjXczKrYaiteTy3
18647,ISIL Khorasan,TRX,TCCryMcQb5A5FSYkmcVy26Nd8J1FWHtfWh
18647,ISIL Khorasan,TRX,TLC3piEQ5n4tcULKHqLTGhmYFUyHUVSxck
18647,ISIL Khorasan,TRX,TLDtPq9PQsDuQunME8CSeVdYaLtRdrVgoJ
18647,ISIL Khorasan,TRX,TRqbVMHWck3j2vKzA16L69v3cwuoyQSY8L
18647,ISIL Khorasan,TRX,TA82wQ77kb9DieW4C8q7C4KwMfnCzfziqN
18647,ISIL Khorasan,TRX,TUcjuVB6RFvsMgE352Kdc3VHvFvteti97B
18647,ISIL Khorasan,TRX,TBfVDwNS6hC2Ln2qTLTRKMMPddscFEhhrU
18647,ISIL Khorasan,TRX,TC7vaJsxZteEEnnm2EFm9BRSZvezvsuA86
18647,ISIL Khorasan,TRX,TRWDtgCfXzTcMv8W6iJxh6umeqeF3zG7n5
18647,ISIL Khorasan,TRX,TUa7BcRjT3eT7kPyNWPvHQkz4qF9v68D7A
18647,ISIL Khorasan,TRX,TNHNySUf8LMzhzSiQnHCXCbgatscQbM4ZQ
18647,ISIL Khorasan,TRX,TNzvDTvcQTaY9jFrv85JnqibnGcudePj1z
18647,ISIL Khorasan,TRX,TUcNB6c22JmcwXbbbuv9HVPeVqv5HSiTwQ
18647,ISIL Khorasan,TRX,TVUS1CVQnnzoJG8PBWkcWyf7DkLrS8yh5Z
18647,ISIL Khorasan,TRX,TXR1nhqAek4c5Dq9EfjQLarcBWR9Jp6N7m
18647,ISIL Khorasan,TRX,TFS2LHNcrffdAVRHpDUpNvnmCHs78cSNbz
18647,ISIL Khorasan,TRX,TPTFrDhx5tntyp5mRX423DaAe8aLDMUs31
18647,ISIL Khorasan,TRX,TCn9wM828B1GtsVn8kUaCvoE3RpfCAmtEB
18647,ISIL Khorasan,TRX,TFtz6Ae6NNo9VvhnVrj6V1RyEFMtZQMh3r
18647,ISIL Khorasan,TRX,TMoMat6oyJLKxSb6SfQWBWc7q5PSm3Gr6U
18647,ISIL Khorasan,TRX,TNsMJKvAtqiWntAnrcS8jkugL37FGzoqss
18647,ISIL Khorasan,TRX,TPCnxv28xNbvtAaEppddvnfkjQpaFeAkV3
18647,ISIL Khorasan,TRX,TDXBEozXRJy7eBYNCoqrDMRCx5QBN4jCCt
18647,ISIL Khorasan,TRX,TTrJwfL8SCSWBXWAPcZV8Pd5fZf1rznRhz
18647,ISIL Khorasan,TRX,TFqo5f16FJfSKesPxtGN4VN5HNZJebqMQX
18647,ISIL Khorasan,TRX,TPwjq8YuABThppKM5ppsuagBFwDhzpnY11
18647,ISIL Khorasan,TRX,TXgm2Pej4dHzh6oAJvaxAVFDevgGJqfSKr
18647,ISIL Khorasan,TRX,TUErmQ9GtRDGC4g4L5wjWS55Ju5hYfR3sa
18647,ISIL Khorasan,TRX,THPfLwEGvHVgRzi7EMnviAFy5WG1feDH1p
18647,ISIL Khorasan,TRX,TPH1ehJuNY8cRuJgWTXoGuzkVpK5ckueLF
18647,ISIL Khorasan,TRX,TRZvMk2D4fmjGjtuZHRVpgw6yjk8NcjsHV
18647,ISIL Khorasan,TRX,TMuBvwcgrTj6JysMmutXWaPjk1kREK2BDe
18647,ISIL Khorasan,TRX,TE5paMkU1hPr8BdjkSJLvEyUBxjKKSx1H6
18647,ISIL Khorasan,TRX,TBmqXsFNYTMkyw9jVGBAecGaLyLwbxFTM1
18647,ISIL Khorasan,TRX,TFh7Z4qmdiT7opAYYLmNVXQJtVCkAtg7Zh
18647,ISIL Khorasan,TRX,TLFqEhiG7RUSZ9x5iph99Ke5782dkgRnWf
22985,CHEIL CREDIT BANK,USDT,TA3941uFAvmVibSkQ6fMJXxmaSNovX86mz
22985,CHEIL CREDIT BANK,USDT,TA39q3p75XRSWYAEaSF7dANtyksoa3sLge
22985,CHEIL CREDIT BANK,USDT,TBATDh41qMQ1yeVYecneEvhpfayYmkAQWS
22985,CHEIL CREDIT BANK,USDT,TBwghbQMsBC5xcUxE7ZpYXhfDMXZAfiFv6
22985,CHEIL CREDIT BANK,USDT,TBWRDpQsW1ZVPGGaBAwVLNb7iqmVBuM1nj
22985,CHEIL CREDIT BANK,USDT,TBYRhsZR7Mdn9ezpGVLwZiNVnGm8wZGLAD
22985,CHEIL CREDIT BANK,USDT,TBZefVsyQpzzxc2WSCLbZBECvxVdzGqdtC
22985,CHEIL CREDIT BANK,USDT,TC5UNu3LGrjjVCuLNDdVgjm4oL5cQAyFRZ
22985,CHEIL CREDIT BANK,USDT,TCA7AfTSuDmgYk2VaezfPuZF4Z4X8wxwcQ
22985,CHEIL CREDIT BANK,USDT,TDNKsLvsY2iSznyghddXz7ZDRc4X3191Z8
22985,CHEIL CREDIT BANK,USDT,TE3mCcPULjPUE7ykX7RArDPAhyahoy3d2j
22985,CHEIL CREDIT BANK,USDT,TF4J8Gp7zbS8NA3HLuxsLdx7Ebzr6weCGn
22985,CHEIL CREDIT BANK,USDT,TFdHux43bs21qRsygv5WQWfgtbQeT6nXey
22985,CHEIL CREDIT BANK,USDT,TFrH3dcpnR3tADrAcfyJwiK4brsgf3B7PG
22985,CHEIL CREDIT BANK,USDT,TFurWgnyNMq9bhLrLoT9FGnrLfAL2BtR5R
22985,CHEIL CREDIT BANK,USDT,TGDaYNWFXi9HJ7NacfETF15vhUH7eRhKzt
22985,CHEIL CREDIT BANK,USDT,TGdpkwNVFjw2DnbHBCFKLvCygPVPz9w4iM
22985,CHEIL CREDIT BANK,USDT,TGKgLatirRpTugS6wgCUKerjLbzWKXAVqx
22985,CHEIL CREDIT BANK,USDT,TGMFaAXH15oaW8MpcNHLid6NbMKWaaNPdC
22985,CHEIL CREDIT BANK,USDT,TGpNzk9noyvCCdnFPuSg5cqptPs16LjXZq
22985,CHEIL CREDIT BANK,USDT,TGRZZsD8gxahF5oE6C7K8LLRHqQzoPa5bX
22985,CHEIL CREDIT BANK,USDT,THEQTsqPhRDDfgcfBW5npH5Lr9PZhpthrf
22985,CHEIL CREDIT BANK,USDT,THHb5iMAbZgQYY19h6uY66y5xt6e11gcZC
22985,CHEIL CREDIT BANK,USDT,THob8vRrpDybXeqZDj8ukQhMjJVJ5nCbTW
22985,CHEIL CREDIT BANK,USDT,THUqqeevBQS3EYordDJKwp8DLFknesnfCD
22985,CHEIL CREDIT BANK,USDT,TJ812KESWjzJZGEWBPFCu74Js5zQS7jN5A
22985,CHEIL CREDIT BANK,USDT,TJBg9SxwiUUoqJGk18vK9avxkuV8GrKMK7
22985,CHEIL CREDIT BANK,USDT,TLRMHPjLGXsVpD9RVzSfat6zDiVDrd4b4w
22985,CHEIL CREDIT BANK,USDT,TMECKT19hfumcK3KqQKbhxkn1ohyeR58xu
22985,CHEIL CREDIT BANK,USDT,TMgnRWb9xFMtktny9Lzty21QYLLQD93ft6
22985,CHEIL CREDIT BANK,USDT,TMiSGhXXVsvJzqwGbwAsGiFxWg2eALZoM5
22985,CHEIL CREDIT BANK,USDT,TPcUZYthDfxNsHQnZZGBM1BDNBeNSjfPZE
22985,CHEIL CREDIT BANK,USDT,TPF9UQhqpV18BPWg5xo6MeB3h8t4iEg9gP
22985,CHEIL CREDIT BANK,USDT,TPo3JyryRcQ3uhBWexeYhtkpMitsUwY4uB
22985,CHEIL CREDIT BANK,USDT,TPPR7e8hGC57dexrE2jy1f94wtuGyVP6Dp
22985,CHEIL CREDIT BANK,USDT,TQKQ4ntejdYYJpuYkFz8oCSDoXW6RKRDdY
22985,CHEIL CREDIT BANK,USDT,TQthYM5nLqwAEr6DScC8tRtw29ncEB53mK
22985,CHEIL CREDIT BANK,USDT,TR18rEj7gWjKBJLYrowyfnvjWLTTsXGngK
22985,CHEIL CREDIT BANK,USDT,TRkGqvaobVp4XDNmSceRo5hDcJYDTFmYjd
22985,CHEIL CREDIT BANK,USDT,TTct1DezYvriNWU7Wi3mygLoskkaw61mra
22985,CHEIL CREDIT BANK,USDT,TTUqoT6EAmiM1xLvwVwxhjvjaoEUGtKDdZ
22985,CHEIL CREDIT BANK,USDT,TTzMs5AR66jr9mQMkWfCHVwd3AiLLYPepQ
22985,CHEIL CREDIT BANK,USDT,TUKsuPVb8kgJVFp5x528KC5HisUVdzxami
22985,CHEIL CREDIT BANK,USDT,TVDsEFm19zLV8HeXdt6G75rLroxnp6uqpV
22985,CHEIL CREDIT BANK,USDT,TVu2SiQrWSnfwk8quAeDxfiaLy6FHzYkMA
22985,CHEIL CREDIT BANK,USDT,TVyiDQ25H6Rx6PcNV1WyjGasGSa8ehj1Uv
22985,CHEIL CREDIT BANK,USDT,TW3RgbhYkFEFnmRJ9mE9b83T9XYSMkjwuD
22985,CHEIL CREDIT BANK,USDT,TWwv8FQiES3yHGig7y3zJWYuPaZfSV3vmY
22985,CHEIL CREDIT BANK,USDT,TXc4kRiMEcdXRxWpSKkD5qKaARExN4uxPq
22985,CHEIL CREDIT BANK,USDT,TXFUYHVJMDyKikutvCG6qNgTUS5pxtZhHs
22985,CHEIL CREDIT BANK,USDT,TYD6a4PAAfAgegEdDf9oZUnW4DFmS8jeFT
22985,CHEIL CREDIT BANK,USDT,TYK29mbyvVxLaLUKdFSTRADMwoxaVbVZQg
22985,CHEIL CREDIT BANK,USDT,TYxwUhoLPF7AgfG9GaXFEp8CQi8K8KG1m3
24003,MESRI,XBT,12aNKp2iDKuhEde2YfPdd4DFGenRUTKupL
24003,MESRI,ETH,0x252a8bd2319d8a555b872990601221b3a2053bce
24003,MESRI,ETH,0x1CAb8177ACe78b1B6B1c393371F4f2dCAE40CbEB
24003,MESRI,ETH,0x6Fac4D18c912343BF86fa7049364Dd4E424Ab9C0
24003,MESRI,ETH,0xA40cFBFc8534FFC84E20a7d8bBC3729B26a35F6f
24003,MESRI,ETH,0x7F03679B56d8772530EFA516b58Bb83d4829E881
24003,MESRI,ETH,0x8ac5381FCD9e7395D14e02986c344aADA84B4bC6
24003,MESRI,ETH,0x9697749A9e8D6C119D8EEb0d6268a1b99C40684c
24003,MESRI,ETH,0x9DD7fA4B4950154F7e75BdD8A77266B99b94Ec08
24003,MESRI,ETH,0xb5A69Da691670F62510793F79a9B36c7db1A7b7c
24003,MESRI,ETH,0x6B0736Fed0634e15E19CC57fBA19cd179c13AbCA
24003,MESRI,ETH,0xd81414ABc631C6CADAe1C6198b0c2b15a9B4fDe5
24003,MESRI,ETH,0xF45Ecc3a59C7911181C659cE9115854c6175Be91
24003,MESRI,TRX,TAbbVaBKgH4VBLXgWqACuwoKF4cH1HinQh
24003,MESRI,TRX,TEsxMcVocweTM82Mdmc5diKC6qyCWqSpPv
25308,YAN,XBT,12QtD5BFwRsdNsAZY76UVE1xyCGNTojH9h
25308,YAN,XBT,1Kuf2Rd8mDyAViwBozGTNYnvWL8uYFrkVo
25308,YAN,XBT,13f59kUM5FU8MfTG7DCEugYarDhSD7XCoC
25308,YAN,XBT,1P3ZfGFLezzYGg9k5SVzQmnjyh7nrUmF2y
25308,YAN,XBT,1EpMiZkQVekM5ij12nMiEwttFPcDK9XhX6
25308,YAN,XBT,1JREJdZupiFhE7ZzQPtASuMCvvpXC7wRsC
27307,Lazarus Group,ETH,0x098B716B8Aaf21512996dC57EB0615e2383E2f96
27307,Lazarus Group,ETH,0xa0e1c89Ef1a489c9C7dE96311eD5Ce5D32c20E4B
27307,Lazarus Group,ETH,0x3Cffd56B47B7b41c56258D9C7731ABaDc360E073
27307,Lazarus Group,ETH,0x53b6936513e738f44FB50d2b9476730C0Ab3Bfc1
27307,Lazarus Group,ETH,0x35fB6f6DB4fb05e6A4cE86f2C93691425626d4b1
27307,Lazarus Group,ETH,0xF7B31119c2682c88d88D455dBb9d5932c65Cf1bE
27307,Lazarus Group,ETH,0x3e37627dEAA754090fBFbb8bd226c1CE66D255e9
27307,Lazarus Group,ETH,0x08723392Ed15743cc38513C4925f5e6be5c17243
31164,Association for Free Research and International Cooperation,DASH,XyARKoupuArYtToA2S6yMdnoquDCDaBsaT
31164,Association for Free Research and International Cooperation,ZEC,t1MMXtBrSp1XG38Lx9cePcNUCJj5vdWfUWL
32171,Al-Jamal,USDT,TLNRT524dzL5FF1nJHDhYEMFpeWjLjRbz1
32171,Al-Jamal,USDT,THh5woR8qfmDsNknQ3agPYzQSiRtMnKsTh
32171,Al-Jamal,USDT,TV5ZTpKDszLTF6XcMnPongS33pwBgF91by
32171,Al-Jamal,USDT,TTAHMdqoom4f2VTWniroPWQHcTRZ4caoH4
32171,Al-Jamal,USDT,TFFvv7NAWmbcVfA7QN81mMvUC25TWj1WJx
38665,Task Force Rusich,ETH,0xc2a3829F459B3Edd87791c74cD45402BA0a20Be3
38665,Task Force Rusich,USDT,TX5GV4DyfxNB3rPkzZJhmqZ1efVmL4rEqG
38665,Task Force Rusich,XBT,bc1ql7dlyh8xz6tpqk92vztrhqh88dmjvcwrmsemrm
38665,Task Force Rusich,XBT,bc1q2lpgjntr348pfvxhfy33ehmdzy3gmx8w4052z6
38665,Task Force Rusich,ETH,0x3AD9dB589d201A710Ed237c829c7860Ba86510Fc
